{"minimax": {"nodes": 121377, "avgTime": 0.36673247814178467}, "alphabeta": {"nodes": 8797, "avgTime": 0.02737283706665039}}